﻿Item Group Code,Item Group,Item Code,Item,Factor,HS Code,HS07 Code,HS12 Code,CPC Code
1717,Cereals,15,Wheat,1,,"100110, 100190","100111, 100119, 100191, 100199",111
1717,Cereals,27,"Rice, paddy",1,,100610,100610,113
1717,Cereals,44,Barley,1,,100300,"100310, 100390",115
1717,Cereals,56,Maize,1,,"100510, 100590","100510, 100590",112
1814,Coarse Grain,68,Popcorn,1,,"100510, 100590","100510, 100590",
1717,Cereals,71,Rye,1,,100200,"100210, 100290",116
1717,Cereals,75,Oats,1,,100400,"100410, 100490",117
1717,Cereals,79,Millet,1,,100820,"100821, 100829",118
1717,Cereals,83,Sorghum,1,,100700,"100710, 100790",114
1717,Cereals,89,Buckwheat,1,,100810,100810,1192
1717,Cereals,92,Quinoa,1,,100890,100850,1194
1717,Cereals,94,Fonio,1,,100890,100840,1193
1717,Cereals,97,Triticale,1,,100890,100860,1191
1717,Cereals,101,Canary seed,1,,100830,100830,1195
1717,Cereals,103,"Grain, mixed",1,,100890,100890,1199.02
1717,Cereals,108,Cereals nes,1,,100890,100890,1199.9
1720,Roots and Tubers,116,Potatoes,1,,"070110, 070190","070110, 070190",1510
1720,Roots and Tubers,122,Sweet potatoes,1,,71420,71420,1530
1720,Roots and Tubers,125,Cassava,1,,71410,71410,1520.01
1720,Roots and Tubers,135,Yautia (cocoyam),1,,71490,71450,1591
1720,Roots and Tubers,136,Taro (cocoyam),1,,71490,71440,1550
1720,Roots and Tubers,137,Yams,1,,71490,71430,1540
1720,Roots and Tubers,149,Roots and tubers nes,1,,71490,71490,1599.1
1714,Crops Primary,156,Sugar cane,1,,121299,121293,1802
1714,Crops Primary,157,Sugar beet,1,,121291,121291,1801
1714,Crops Primary,161,Sugar crops nes,1,,121299,121299,1809
1726,Pulses,176,"Beans, dry",1,,"071331, 071332, 071333, 071339","071331, 071332, 071333, 071339",1701
1726,Pulses,181,"Broad beans, horse beans, dry",1,,71350,71350,1702
1726,Pulses,187,"Peas, dry",1,,71310,71310,1705
1726,Pulses,191,Chick peas,1,,71320,71320,1703
1726,Pulses,195,"Cow peas, dry",1,,71339,71335,1706
1726,Pulses,197,Pigeon peas,1,,71390,71360,1707
1726,Pulses,201,Lentils,1,,71340,71340,1704
1726,Pulses,203,Bambara beans,1,,71339,71334,1708
1726,Pulses,205,Vetches,1,,121490,121490,1709.01
1726,Pulses,210,Lupins,1,,121490,121490,1709.02
1726,Pulses,211,Pulses nes,1,,71390,71390,1709.9
1729,Treenuts,216,"Brazil nuts, with shell",1,,80121,80121,1377
1729,Treenuts,217,"Cashew nuts, with shell",1,,80131,80131,1372
1729,Treenuts,220,Chestnut,1,,80240,"080241, 080242",1373
1729,Treenuts,221,"Almonds, with shell",1,,80211,80211,1371
1729,Treenuts,222,"Walnuts, with shell",1,,80231,80231,1376
1729,Treenuts,223,Pistachios,1,,80250,"080251, 080252",1375
1714,Crops Primary,224,Kola nuts,1,,80290,80270,1379.02
1729,Treenuts,225,"Hazelnuts, with shell",1,,80221,80221,1374
1714,Crops Primary,226,Areca nuts,1,,80290,80280,1379.01
1729,Treenuts,234,Nuts nes,1,,"080260, 080290","080261, 080262, 080290",1379.9
1732,"Oilcrops, Oil Equivalent",236,Soybeans,0.18,,120100,"120110, 120190",141
1732,"Oilcrops, Oil Equivalent",242,"Groundnuts, with shell",0.3,,"120210, 120220","120230, 120241",142
1732,"Oilcrops, Oil Equivalent",249,Coconuts,0.13,,80119,"080112, 080119",1460
1714,Crops Primary,254,Oil palm fruit,1,,120799,120710,1491.01
1732,"Oilcrops, Oil Equivalent",256,Palm kernels,0.46,,120999,120999,1491.02
1732,"Oilcrops, Oil Equivalent",257,"Oil, palm",1,,"151110, 151190","151110, 151190",2165
1732,"Oilcrops, Oil Equivalent",260,Olives,0.22,,70990,70992,1450
1732,"Oilcrops, Oil Equivalent",263,Karite nuts (sheanuts),0.25,,120799,120799,1499.01
1732,"Oilcrops, Oil Equivalent",265,Castor oil seed,0.4,,120799,120730,1447
1732,"Oilcrops, Oil Equivalent",267,Sunflower seed,0.41,,120600,120600,1445
1732,"Oilcrops, Oil Equivalent",270,Rapeseed,0.38,,"120510, 120590","120510, 120590",1443
1732,"Oilcrops, Oil Equivalent",275,Tung nuts,0.16,,120799,120799,1499.02
1732,"Oilcrops, Oil Equivalent",277,Jojoba seed,0.35,,120799,120799,1499.03
1732,"Oilcrops, Oil Equivalent",280,Safflower seed,0.35,,120799,120760,1446
1732,"Oilcrops, Oil Equivalent",289,Sesame seed,0.43,,120740,120740,1444
1732,"Oilcrops, Oil Equivalent",292,Mustard seed,0.36,,120750,120750,1442
1732,"Oilcrops, Oil Equivalent",296,Poppy seed,0.45,,120791,120791,1448
1732,"Oilcrops, Oil Equivalent",299,Melonseed,0.3,,120799,120770,1449.01
1732,"Oilcrops, Oil Equivalent",305,Tallowtree seed,0.3,,120799,120799,1499.04
2051,Agriculture (PIN),306,Vegetable tallow,1,,151590,151590,21691.09
2051,Agriculture (PIN),307,"Oil, stillingia",1,,151590,151590,21691.1
1753,Fibre Crops Primary,310,Kapok fruit,0.33,,120799,120799,1499.05
1714,Crops Primary,328,Seed cotton,1,,520100,520100,1921.01
1732,"Oilcrops, Oil Equivalent",329,Cottonseed,0.16,,120720,"120721, 120729",143
1732,"Oilcrops, Oil Equivalent",333,Linseed,0.35,,120400,120400,1441
1732,"Oilcrops, Oil Equivalent",336,Hempseed,0.24,,120799,120799,1449.02
1732,"Oilcrops, Oil Equivalent",339,Oilseeds nes,0.3,,120799,120799,1449.9
1735,Vegetables Primary,358,Cabbages and other brassicas,1,,"070420, 070490","070420, 070490",1212
1735,Vegetables Primary,366,Artichokes,1,,70990,70991,1216
1735,Vegetables Primary,367,Asparagus,1,,70920,70920,1211
1735,Vegetables Primary,372,Lettuce and chicory,1,,"070511, 070519, 070521, 070529","070511, 070519, 070521, 070529",1214
1735,Vegetables Primary,373,Spinach,1,,70970,70970,1215
1735,Vegetables Primary,388,Tomatoes,1,,70200,70200,1234
1735,Vegetables Primary,393,Cauliflowers and broccoli,1,,70410,70410,1213
1735,Vegetables Primary,394,"Pumpkins, squash and gourds",1,,70990,70993,1235
1735,Vegetables Primary,397,Cucumbers and gherkins,1,,70700,70700,1232
1735,Vegetables Primary,399,Eggplants (aubergines),1,,70930,70930,1233
1735,Vegetables Primary,401,"Chillies and peppers, green",1,,70960,70960,1231
1735,Vegetables Primary,402,"Onions, shallots, green",1,,70310,70310,1253.01
1735,Vegetables Primary,403,"Onions, dry",1,,70310,70310,1253.02
1735,Vegetables Primary,406,Garlic,1,,70320,70320,1252
1735,Vegetables Primary,407,"Leeks, other alliaceous vegetables",1,,70390,70390,1254
1735,Vegetables Primary,414,"Beans, green",1,,70820,70820,1241.9
1735,Vegetables Primary,417,"Peas, green",1,,70810,70810,1242
1735,Vegetables Primary,420,"Vegetables, leguminous nes",1,,70890,70890,1243
1735,Vegetables Primary,423,String beans,1,,70820,70820,1241.01
1735,Vegetables Primary,426,Carrots and turnips,1,,70610,70610,1251
1735,Vegetables Primary,430,Okra,1,,70990,70999,1239.01
1735,Vegetables Primary,446,"Maize, green",1,,70990,70999,1290.01
1735,Vegetables Primary,449,Mushrooms and truffles,1,,"070951, 070959","070951, 070959",1270
1714,Crops Primary,459,Chicory roots,1,,121299,121294,1691
1738,Fruit Primary,461,Carobs,1,,121299,121292,1356
1735,Vegetables Primary,463,"Vegetables, fresh nes",1,,"070690, 070940, 070990","070690, 070940, 070999",1290.9
1738,Fruit Primary,486,Bananas,1,,80300,80390,1312
1738,Fruit Primary,489,Plantains and others,1,,80300,80310,1313
1738,Fruit Primary,490,Oranges,1,,80510,80510,1323
1738,Fruit Primary,495,"Tangerines, mandarins, clementines, satsumas",1,,80520,80520,1324
1738,Fruit Primary,497,Lemons and limes,1,,80550,80550,1322
1738,Fruit Primary,507,Grapefruit (inc. pomelos),1,,80540,80540,1321
1738,Fruit Primary,512,"Fruit, citrus nes",1,,80590,80590,1329
1738,Fruit Primary,515,Apples,1,,80810,80810,1341
1738,Fruit Primary,521,Pears,1,,80820,80830,1342.01
1738,Fruit Primary,523,Quinces,1,,80820,80840,1342.02
1738,Fruit Primary,526,Apricots,1,,80910,80910,1343
1738,Fruit Primary,530,"Cherries, sour",1,,80920,80921,1344.01
1738,Fruit Primary,531,Cherries,1,,80920,80929,1344.02
1738,Fruit Primary,534,Peaches and nectarines,1,,80930,80930,1345
1738,Fruit Primary,536,Plums and sloes,1,,80940,80940,1346
1738,Fruit Primary,541,"Fruit, stone nes",1,,81090,81090,1349.2
1738,Fruit Primary,542,"Fruit, pome nes",1,,81090,81090,1349.1
1738,Fruit Primary,544,Strawberries,1,,81010,81010,1354
1738,Fruit Primary,547,Raspberries,1,,81020,81020,1353.01
1738,Fruit Primary,549,Gooseberries,1,,81090,81030,1351.02
1738,Fruit Primary,550,Currants,1,,81090,81030,1351.01
1738,Fruit Primary,552,Blueberries,1,,81040,81040,1355.01
1738,Fruit Primary,554,Cranberries,1,,81040,81040,1355.02
1738,Fruit Primary,558,Berries nes,1,,"081020, 081040","081020, 081040",1355.9
1738,Fruit Primary,560,Grapes,1,,80610,80610,1330
1738,Fruit Primary,567,Watermelons,1,,80711,80711,1221
1738,Fruit Primary,568,"Melons, other (inc.cantaloupes)",1,,80719,80719,1229
1738,Fruit Primary,569,Figs,1,,80420,80420,1315
1738,Fruit Primary,571,"Mangoes, mangosteens, guavas",1,,80450,80450,1316
1738,Fruit Primary,572,Avocados,1,,80440,80440,1311
1738,Fruit Primary,574,Pineapples,1,,80430,80430,1318
1738,Fruit Primary,577,Dates,1,,80410,80410,1314
1738,Fruit Primary,587,Persimmons,1,,81090,81070,1359.01
1738,Fruit Primary,591,Cashewapple,1,,81090,81090,1359.02
1738,Fruit Primary,592,Kiwi fruit,1,,81050,81050,1352
1738,Fruit Primary,600,Papayas,1,,80720,80720,1317
1738,Fruit Primary,603,"Fruit, tropical fresh nes",1,,"080450, 081060, 081090","080450, 081060, 081090",1319
1738,Fruit Primary,619,"Fruit, fresh nes",1,,81090,81090,1359.9
1714,Crops Primary,656,"Coffee, green",1,,90111,90111,1610
1714,Crops Primary,661,"Cocoa, beans",1,,180100,180100,1640
1714,Crops Primary,667,Tea,1,,"090210, 090220, 090230, 090240","090210, 090220, 090230, 090240",1620
1714,Crops Primary,671,Maté,1,,90300,90300,1630
1714,Crops Primary,674,Tea nes,1,,121190,121190,1930.04
1714,Crops Primary,677,Hops,1,,"121010, 121020","121010, 121020",1659
1714,Crops Primary,687,Pepper (piper spp.),1,,"090411, 090412","090411, 090412",1651
1714,Crops Primary,689,"Chillies and peppers, dry",1,,90420,"090421, 090422",1652
1714,Crops Primary,692,Vanilla,1,,90500,"090510, 090520",1658
1714,Crops Primary,693,Cinnamon (cannella),1,,"090611, 090619, 090620","090611, 090619, 090620",1655
1714,Crops Primary,698,Cloves,1,,90700,"090710, 090720",1656
1714,Crops Primary,702,"Nutmeg, mace and cardamoms",1,,"090810, 090820, 090830","090811, 090812, 090821, 090822, 090831, 090832",1653
1714,Crops Primary,711,"Anise, badian, fennel, coriander",1,,"090910, 090920, 090930, 090940, 090950","090921, 090922, 090931, 090932, 090961, 090962",1654
1714,Crops Primary,720,Ginger,1,,91010,"091011, 091012",1657
1714,Crops Primary,723,Spices nes,1,,"091020, 091030, 091091, 091099","091020, 091030, 091091, 091099",1699
1714,Crops Primary,748,Peppermint,1,,121190,121190,1930.01
1714,Crops Primary,754,"Pyrethrum, dried",1,,121190,121190,1930.02
1753,Fibre Crops Primary,767,Cotton lint,1,,520100,520100,1921.02
1753,Fibre Crops Primary,773,Flax fibre and tow,1,,"530121, 530129","530121, 530129",26190.01
1753,Fibre Crops Primary,777,Hemp tow waste,1,,"530210, 530290","530210, 530290",1929.02
1753,Fibre Crops Primary,780,Jute,1,,"530310, 530390","530310, 530390",1922.01
1753,Fibre Crops Primary,782,"Bastfibres, other",1,,"530310, 530390","530310, 530390",1922.02
1753,Fibre Crops Primary,788,Ramie,1,,530500,530500,1929.04
1753,Fibre Crops Primary,789,Sisal,1,,530500,530500,1929.05
1753,Fibre Crops Primary,800,Agave fibres nes,1,,530500,530500,1929.06
1753,Fibre Crops Primary,809,Manila fibre (abaca),1,,530500,530500,1929.07
1753,Fibre Crops Primary,821,Fibre crops nes,1,,530500,530500,1929.9
1714,Crops Primary,826,"Tobacco, unmanufactured",1,,"240110, 240120, 240130","240110, 240120, 240130",1970
1714,Crops Primary,836,"Rubber, natural",1,,400110,400110,1950.01
1714,Crops Primary,839,"Gums, natural",1,,400130,400130,3211
1765,Meat,867,"Meat, cattle",1,,"020110, 020120, 020210, 020220","020110, 020120, 020210, 020220",21111.01
1780,Milk,882,"Milk, whole fresh cow",1,,"040120, 040130","040120, 040140, 040150",2211
1769,Meat Liveweight,945,"Meat live weight, cattle",1,,,,21111.01b
1765,Meat,947,"Meat, buffalo",1,,"020110, 020120, 020130, 020210, 020220, 020230","020110, 020120, 020130, 020210, 020220, 020230",21112
1780,Milk,951,"Milk, whole fresh buffalo",1,,"040120, 040130","040120, 040140, 040150",2212
1769,Meat Liveweight,973,"Meat live weight, buffalo",1,,,,21112b
1765,Meat,977,"Meat, sheep",1,,"020410, 020421, 020422, 020423, 020430, 020441, 020442, 020443","020410, 020421, 020422, 020423, 020430, 020441, 020442, 020443",21115
1780,Milk,982,"Milk, whole fresh sheep",1,,"040120, 040130","040120, 040140, 040150",2291
2044,Livestock (PIN),987,"Wool, greasy",1,,"510111, 510119","510111, 510119",2941
1769,Meat Liveweight,1013,"Meat live weight, sheep",1,,,,21115b
1765,Meat,1017,"Meat, goat",1,,20450,20450,21116
1780,Milk,1020,"Milk, whole fresh goat",1,,"040120, 040130","040120, 040140, 040150",2292
1769,Meat Liveweight,1033,"Meat live weight, goat",1,,,,21116b
1765,Meat,1035,"Meat, pig",1,,"020311, 020312, 020319, 020321, 020322, 020329","020311, 020312, 020319, 020321, 020322, 020329",21113.01
1769,Meat Liveweight,1056,"Meat live weight, pig",1,,,,21113.01b
1765,Meat,1058,"Meat, chicken",1,,"020711, 020712, 020713, 020714, 020732, 020733, 020735, 020736","020711, 020712, 020713, 020714, 020760",21121
2044,Livestock (PIN),1062,"Eggs, hen, in shell",1,,40700,"040711, 040721, 040790",231
1765,Meat,1069,"Meat, duck",1,,"020732, 020733, 020735, 020736","020741, 020742, 020744, 020745",21122
1769,Meat Liveweight,1071,"Meat live weight, duck",1,,,,21122b
1765,Meat,1073,"Meat, goose and guinea fowl",1,,"020732, 020733, 020735, 020736","020751, 020752, 020754, 020755",21123
1769,Meat Liveweight,1078,"Meat live weight, goose",1,,,,21123b
1765,Meat,1080,"Meat, turkey",1,,"020724, 020725, 020726, 020727","020724, 020725, 020726, 020727",21124
1769,Meat Liveweight,1085,"Meat live weight, poultry, other",1,,,,21170.01b
1769,Meat Liveweight,1088,"Meat live weight, turkey",1,,,,21124b
1765,Meat,1089,"Meat, bird nes",1,,20890,20890,21170.01
2044,Livestock (PIN),1091,"Eggs, other bird, in shell",1,,40700,"040719, 040729, 040790",232
1769,Meat Liveweight,1095,"Meat live weight, chicken",1,,,,21121b
1765,Meat,1097,"Meat, horse",1,,20500,20500,21118.01
1765,Meat,1108,"Meat, ass",1,,20500,20500,21118.02
1765,Meat,1111,"Meat, mule",1,,20500,20500,21118.03
1769,Meat Liveweight,1121,"Meat live weight, horse",1,,,,21118.01b
1769,Meat Liveweight,1123,"Meat live weight, ass",1,,,,21118.02b
1769,Meat Liveweight,1125,"Meat live weight, mule",1,,,,21118.03b
1765,Meat,1127,"Meat, camel",1,,20890,20860,21117.01
1780,Milk,1130,"Milk, whole fresh camel",1,,"040120, 040130","040120, 040140, 040150",2293
1769,Meat Liveweight,1138,"Meat live weight, camel",1,,,,21117.01b
1765,Meat,1141,"Meat, rabbit",1,,20810,20810,21114
1769,Meat Liveweight,1145,"Meat live weight, rabbit",1,,,,21114b
1765,Meat,1151,"Meat, other rodents",1,,20890,20890,21119.01
1769,Meat Liveweight,1155,"Meat live weight, rodents",1,,,,21119.01b
1765,Meat,1158,"Meat, other camelids",1,,20890,20860,21117.02
1769,Meat Liveweight,1162,"Meat live weight, camelids, other",1,,,,21117.02b
1765,Meat,1163,"Meat, game",1,,20890,20890,21170.02
1765,Meat,1166,Meat nes,1,,"020830, 020840, 020850, 020890","020830, 020840, 020850, 020890",21170.92
1765,Meat,1176,"Snails, not sea",1,,30760,30760,2920
2044,Livestock (PIN),1182,"Honey, natural",1,,40900,40900,2910
2044,Livestock (PIN),1183,Beeswax,1,,152190,152190,2960.01
2044,Livestock (PIN),1185,"Silk-worm cocoons, reelable",1,,500100,500100,2944
